epoch, train_loss, test_loss
1,0.8705953785351345, 0.9693883061408997
2,0.8458126698221479, 0.929394006729126
3,0.7812674471310207, 0.9104302525520325
4,0.7119939752987453, 0.9253988862037659
5,0.6459218178476606, 0.9304859638214111
6,0.5750529595783779, 0.8349769115447998
7,0.562288156577519, 0.5205127596855164
8,0.3898611090012959, 0.7095776200294495
9,0.35998069814273287, 0.34328797459602356
10,0.33898948771612986, 0.38375425338745117
