epoch, train_loss, test_loss
0,0.694889039904983, 0.6559085845947266
1,0.4361432346480864, 0.3567221462726593
2,0.19413522317039747, 0.16354091465473175
3,0.05330791970266512, 0.10515895485877991
4,0.048246008870019404, 0.04502825066447258
5,0.03324975400809543, 0.056418661028146744
6,0.08215486239296971, 0.05814029648900032
7,0.042997106806271605, 0.05741045996546745
8,0.11115292531300199, 0.04671933129429817
9,0.03621323594038754, 0.05750424414873123
