epoch, train_loss, test_loss
0,0.7191356867551804, 0.7354625463485718
1,0.6276570608218511, 0.695172131061554
2,0.6450554331143697, 0.6733582615852356
3,0.6308776239554087, 0.6415406465530396
4,0.5365603417158127, 0.7719489336013794
5,0.5235057050983111, 0.5464575886726379
6,0.38093926881750423, 0.13696464896202087
7,0.17088456234557725, 0.46681156754493713
8,0.09375050821108744, 0.1148027777671814
9,0.03103118668271539, 0.01828809082508087
