epoch, train_loss, test_loss, 0_precision, 0_recall, 0_f1-score, 1_precision, 1_recall, 1_f1-score, 2_precision, 2_recall, 2_f1-score, 3_precision, 3_recall, 3_f1-score, accuracy, train_accuracy
1,1.3769008070230484, 1.3395581245422363, 0.0, 0.0, 0.0, 1.0, 0.8214285714285714, 0.9019607843137255, 0.8611111111111112, 0.8857142857142857, 0.8732394366197184, 0.4626865671641791, 0.9841269841269841, 0.6294416243654823, 0.6746031746031746,0.6746031746031746
2,1.2848716080188751, 1.1588011980056763, 0.37209302325581395, 0.25396825396825395, 0.3018867924528302, 0.972972972972973, 0.6428571428571429, 0.7741935483870968, 0.9827586206896551, 0.8142857142857143, 0.8906250000000001, 0.543859649122807, 0.9841269841269841, 0.7005649717514124, 0.6785714285714286,0.6785714285714286
