epoch, train_loss, test_loss, 0_precision, 0_recall, 0_f1-score, 1_precision, 1_recall, 1_f1-score, 2_precision, 2_recall, 2_f1-score, 3_precision, 3_recall, 3_f1-score, accuracy, train_accuracy
1,1.0654013976454735, 0.40416908264160156, 1.0, 1.0, 1.0, 1.0, 0.9714285714285714, 0.9855072463768115, 0.9722222222222222, 1.0, 0.9859154929577464, 1.0, 1.0, 1.0, 0.9928571428571429,0.9230158730158731
2,0.3013005109503865, 0.30620357394218445, 1.0, 0.7142857142857143, 0.8333333333333333, 0.7333333333333333, 0.7857142857142857, 0.7586206896551724, 0.8235294117647058, 1.0, 0.9032258064516129, 1.0, 1.0, 1.0, 0.875,0.8809523809523809
