epoch, train_loss, test_loss, 0_precision, 0_recall, 0_f1-score, 1_precision, 1_recall, 1_f1-score, 2_precision, 2_recall, 2_f1-score, 3_precision, 3_recall, 3_f1-score, accuracy, train_accuracy
1,1.102888954036376, 0.7035345435142517, 0.8151515151515152, 0.890728476821192, 0.8512658227848101, 0.9142857142857143, 0.5298013245033113, 0.6708595387840671, 0.5206896551724138, 0.5, 0.5101351351351352, 0.6561743341404358, 0.8973509933774835, 0.758041958041958, 0.7044701986754967,0.7299834345665378
2,0.5743199038154939, 0.4098007380962372, 0.7475247524752475, 1.0, 0.8555240793201133, 0.9504132231404959, 0.7615894039735099, 0.8455882352941178, 0.7117903930131004, 0.5397350993377483, 0.6139359698681732, 0.8798798798798799, 0.9701986754966887, 0.9228346456692914, 0.8178807947019867,0.8247745260445426
