epoch, train_loss, test_loss, 0_precision, 0_recall, 0_f1-score, 1_precision, 1_recall, 1_f1-score, 2_precision, 2_recall, 2_f1-score, 3_precision, 3_recall, 3_f1-score, accuracy, train_accuracy
1,1.272925852239132, 0.8861811757087708, 1.0, 1.0, 1.0, 0.0, 0.0, 0.0, 0.0, 0.0, 0.0, 0.3333333333333333, 1.0, 0.5, 0.5,0.523015873015873
2,0.7821188978850842, 0.7296027541160583, 1.0, 1.0, 1.0, 0.0, 0.0, 0.0, 0.35294117647058826, 0.34285714285714286, 0.3478260869565218, 0.49295774647887325, 1.0, 0.660377358490566, 0.5857142857142857,0.6944444444444444
