epoch, train_loss, test_loss, 0_precision, 0_recall, 0_f1-score, 1_precision, 1_recall, 1_f1-score, 2_precision, 2_recall, 2_f1-score, 3_precision, 3_recall, 3_f1-score, accuracy, train_accuracy
1,1.2001957893371582, 1.1071335077285767, 0.4555052790346908, 1.0, 0.6259067357512954, 0.37735849056603776, 0.06622516556291391, 0.11267605633802819, 0.4573643410852713, 0.39072847682119205, 0.42142857142857143, 0.6239316239316239, 0.48344370860927155, 0.5447761194029851, 0.48509933774834435,0.4875759249033683
2,0.9611356339033912, 0.7992019653320312, 0.9287925696594427, 0.9933774834437086, 0.96, 0.18823529411764706, 0.052980132450331126, 0.082687338501292, 0.41142020497803805, 0.9304635761589404, 0.5705583756345177, 0.8376068376068376, 0.32450331125827814, 0.46778042959427213, 0.5753311258278145,0.5842076200993926
