epoch, train_loss, test_loss, 0_precision, 0_recall, 0_f1-score, 1_precision, 1_recall, 1_f1-score, 2_precision, 2_recall, 2_f1-score, 3_precision, 3_recall, 3_f1-score, accuracy, train_accuracy
1,1.3769008070230484, 1.3280513286590576, 0.0, 0.0, 0.0, 1.0, 1.0, 1.0, 1.0, 1.0, 1.0, 0.5, 1.0, 0.6666666666666666, 0.75,0.6746031746031746
2,1.2848716080188751, 1.1224515438079834, 0.0, 0.0, 0.0, 1.0, 0.35714285714285715, 0.5263157894736842, 1.0, 0.9285714285714286, 0.962962962962963, 0.5, 1.0, 0.6666666666666666, 0.5714285714285714,0.6785714285714286
