epoch, train_loss, test_loss, 0_precision, 0_recall, 0_f1-score, 1_precision, 1_recall, 1_f1-score, 2_precision, 2_recall, 2_f1-score, accuracytrain_accuracy
1,0.8748782751511555, 0.7977370023727417, 0.0, 0.0, 0.0, 0.7878787878787878, 0.5098039215686274, 0.6190476190476191, 0.5707865168539326, 0.996078431372549, 0.7257142857142856, 0.6295081967213115,0.7072389493914157
