epoch, train_loss, test_loss, 1_precision, 1_recall, 1_f1-score, 2_precision, 2_recall, 2_f1-score, accuracytrain_accuracy
1,0.7799200871411491, 0.669715404510498, 0.8775510204081632, 0.8686868686868687, 0.8730964467005075, 0.8686868686868687, 0.8775510204081632, 0.8730964467005075, 0.8730964467005076,0.8592870544090057
