epoch, train_loss, test_loss, 0_precision, 0_recall, 0_f1-score, 1_precision, 1_recall, 1_f1-score, 2_precision, 2_recall, 2_f1-score, accuracytrain_accuracy
1,0.9061321741656253, 0.9063546061515808, 0.0, 0.0, 0.0, 0.29310344827586204, 0.1717171717171717, 0.2165605095541401, 0.5142857142857142, 0.9183673469387755, 0.6593406593406593, 0.4592274678111588,0.5460636515912898
