epoch, train_loss, test_loss, 0_precision, 0_recall, 0_f1-score, 1_precision, 1_recall, 1_f1-score, 2_precision, 2_recall, 2_f1-score, accuracytrain_accuracy
1,0.9072987656204068, 0.8494896292686462, 0.0, 0.0, 0.0, 0.5039525691699605, 1.0, 0.6701708278580815, 1.0, 0.40784313725490196, 0.5793871866295265, 0.5885245901639344,0.5522101217168481
