epoch, train_loss, test_loss, 1_precision, 1_recall, 1_f1-score, 2_precision, 2_recall, 2_f1-score, accuracytrain_accuracy
1,0.6887920525940981, 0.5813498497009277, 0.9927007299270073, 0.5333333333333333, 0.693877551020408, 0.6809651474530831, 0.996078431372549, 0.8089171974522293, 0.7647058823529411,0.8229768786127167
