epoch, train_loss, test_loss, 0_precision, 0_recall, 0_f1-score, 1_precision, 1_recall, 1_f1-score, 2_precision, 2_recall, 2_f1-score, accuracytrain_accuracy
1,0.9721522080270868, 0.9698286652565002, 0.0, 0.0, 0.0, 0.4407894736842105, 0.6767676767676768, 0.5338645418326693, 0.6049382716049383, 0.5, 0.547486033519553, 0.4978540772532189,0.5192629815745393
