epoch, train_loss, test_loss 
0,0.03033382076770067,0.010263661853969097 
