epoch, train_loss, test_loss 
0,0.07387812174856663,0.02706906385719776 
1,0.016787458397448062,0.012922338210046291 
