epoch, train_loss, train_loss_l1, train_loss_KL, train_loss_d, train_loss_d_model, val_loss 
0,0.9276368332497128, 0.6343114103959955, -9.54189826936825e-05, 0.29342084183641104 , 0.5641881499601447 ,0.6814172267913818 
1,3.051149352903923, 0.6596016909765161, -3.874673953522806e-05, 2.3915864086669423 , 0.4804190970633341 ,0.7494016885757446 
2,8.504146978505927, 0.7769027248672817, -9.669311020685274e-06, 7.727253922949666 , 0.13480047521146765 ,0.6783452033996582 
3,3.588265572019144, 0.9689205185226772, -3.0880275081195265e-05, 2.619375933771548 , 0.11239566832132962 ,0.8242889642715454 
4,1.8498544039309612, 0.7189097819120988, -1.3835542289914726e-06, 1.1309460055730913 , 0.7955889088790054 ,0.6591459512710571 
