epoch, train_loss, test_loss 
0,0.12813866510987282,0.06153921037912369 
1,0.04166988469660282,0.02529328130185604 
